INSERT INTO app_user(username, email, password_hash) VALUES
('ivan', 'ivan@example.com', 'hash1'),
('anna', 'anna@example.com', 'hash2'),
('petr', 'petr@example.com', 'hash3'),
('maria', 'maria@example.com', 'hash4'),
('oleg', 'oleg@example.com', 'hash5');

INSERT INTO category(name, description) VALUES
('Салаты', 'Холодные блюда из овощей, мяса, рыбы и соусов'),
('Супы', 'Первые блюда'),
('Горячие блюда', 'Основные блюда'),
('Десерты', 'Сладкие блюда и выпечка'),
('Гарниры', 'Овощи, крупы, картофель');

INSERT INTO ingredient(name, default_unit) VALUES
('Куриное филе', 'g'),
('Картофель', 'g'),
('Морковь', 'g'),
('Лук', 'pcs'),
('Яйцо', 'pcs'),
('Мука', 'g'),
('Молоко', 'ml'),
('Сахар', 'g'),
('Соль', 'pinch'),
('Помидор', 'pcs');

INSERT INTO recipe(author_id, category_id, title, description, cooking_time_min, servings, difficulty) VALUES
(1, 1, 'Салат с курицей', 'Простой салат с куриным филе и овощами', 25, 2, 'easy'),
(2, 2, 'Куриный суп', 'Домашний суп с курицей и картофелем', 60, 4, 'medium'),
(3, 3, 'Картофельная запеканка', 'Сытное горячее блюдо', 70, 4, 'medium'),
(4, 4, 'Блины', 'Тонкие домашние блины', 40, 6, 'easy'),
(5, 5, 'Овощное пюре', 'Нежный гарнир из картофеля и моркови', 35, 3, 'easy');

INSERT INTO recipe_ingredient(recipe_id, ingredient_id, quantity, unit, note) VALUES
(1, 1, 250, 'g', 'отварить'), (1, 10, 2, 'pcs', NULL), (1, 9, 1, 'pinch', NULL),
(2, 1, 300, 'g', NULL), (2, 2, 400, 'g', NULL), (2, 3, 100, 'g', NULL), (2, 4, 1, 'pcs', NULL),
(3, 2, 700, 'g', NULL), (3, 5, 2, 'pcs', NULL), (3, 7, 150, 'ml', NULL),
(4, 5, 3, 'pcs', NULL), (4, 6, 250, 'g', NULL), (4, 7, 500, 'ml', NULL), (4, 8, 30, 'g', NULL),
(5, 2, 500, 'g', NULL), (5, 3, 200, 'g', NULL), (5, 9, 1, 'pinch', NULL);

INSERT INTO recipe_step(recipe_id, step_number, instruction) VALUES
(1, 1, 'Отварить куриное филе и нарезать кубиками.'),
(1, 2, 'Нарезать помидоры, смешать ингредиенты, посолить.'),
(2, 1, 'Сварить куриный бульон.'),
(2, 2, 'Добавить картофель, морковь и лук.'),
(2, 3, 'Варить до готовности овощей.'),
(3, 1, 'Нарезать картофель тонкими ломтиками.'),
(3, 2, 'Смешать молоко и яйца, залить картофель.'),
(3, 3, 'Запекать в духовке до готовности.'),
(4, 1, 'Смешать яйца, молоко, муку и сахар.'),
(4, 2, 'Жарить блины на разогретой сковороде.'),
(5, 1, 'Отварить картофель и морковь.'),
(5, 2, 'Размять овощи в пюре, добавить соль.');

INSERT INTO review(recipe_id, user_id, rating, comment_text) VALUES
(1, 2, 5, 'Быстро и вкусно'),
(2, 1, 4, 'Хороший домашний суп'),
(3, 4, 5, 'Очень сытно'),
(4, 5, 5, 'Получились тонкие блины'),
(5, 3, 4, 'Подходит как гарнир');

INSERT INTO favorite(user_id, recipe_id) VALUES
(1, 2), (2, 1), (3, 4), (4, 3), (5, 5);
